text,label,reasoning
gelisah bgt astaga,0.0,
"tidur susah, pikiran kacau, hati gelisah. Semua tak selaras",1.0,gangguan tidur
"Serba salah, mundur sayang, maju ragu. Diem di tempat resah dan gelisah ğŸ˜ŒğŸ˜ŒğŸ˜Œ",0.0,
Udah ngalihin fokus ke yang lain tapi tetep cemas,1.0,konsentrasi berkurang
"Resah dan gelisah deh mimin, dah sebulan lewat coy. Maksudx apaan.",0.0,
setiap istirahat pasti gelisah kyk ada yg ganjel tp apaan ya,1.0,gangguan tidur
"Rasanya takut, cemas, apa saya bisa? Dan semoga keluarga saya atau kita terlindungi :)",0.0,
Pernah gk sih ngerasain gelisah tapi gk tau sebabnya apa?,0.0,
"udaa 2 harian tidur gue ga nyenyak bgt, kaya gelisah gt. kenapa yaaa :( [].",1.0,gangguan tidur
"Bener-bener cemas, pengen nangis.",1.0,suram pesimis
"selalu gelisah tiap malem, pdahal gatau kenapa, salah apa. aneh.",1.0,gangguan tidur
"bingung ga enak bgt akhir"" ini tiap mau tidur bawaannya gelisah terus",1.0,gangguan tidur
"kdg yang dibutuhin kalo lagi ada masalah adalah ketawa-ketawa sampe lupa kalo lagi ada masalah, pas inget lagi kayak gelisah aj gitu â€œyahh anj ternyata msh ada beban sedihâ€ asdfghjklzxccvbnm",1.0,konsentrasi berkurang
Sebab cemas ini adalah kamu.,0.0,
Kadang pemikiran sendiri yang bikin diri cemas dan takut buat nutupin mata sampai sampai ga tidur,1.0,gangguan tidur
"Tiap bangun tidur pasti gelisah dan deg2an, sampe kapan cobakğŸ™‚",0.0,
"Cuman bisa bersemoga, walaupun harap2 cemas kalo awalannya begini....",0.0,
"restive = gelisah, resah",0.0,
"""Tidak menyesali ataupun dendam/marah pada hal-hal yang sudah berlalu, dan tidak menaruh rasa cemas yang berlebihan akan masa mendatang, itulah ketenangan sejati""",0.0,
"Kalo cowoknya sakit, sebenarnya cewek itu juga ngerasa sakit secara ga langsung. Perasaan nya pasti gak tenang dan gelisah. :')",0.0,
"Aku pernah menjadi orang paling cemas sebelum aku menjadi orang paling ihklas, aku juga pernah menjadi orang paling khawatir sebelum semuanya berakhir",0.0,
Berjaya online at 9am. Tidur pun dalam keadaan gelisah what is wrong with me,1.0,gangguan tidur
Gk bisa tidorr.Gelisah aja bawaannya,1.0,gangguan tidur
Udah cemas ngangjat telponnya,0.0,
sedikit resah. sedikit gelisah. yang dirasa selalu merasa bersalah. maaf jikalau saya belum bisa menjadi yang terbaik seperti yang sudah sudah:â€™,1.0,rasa bersalah
Gelisah bgt dah dari tadi pagi ğŸ˜­ğŸ˜­ğŸ˜­,0.0,
di bikin gelisah mulu anjg,0.0,
Ngantuk tp gelisah pas tidur tuh gimana,0.0,
Ini gua kenapa ya...Udah mood berantakan trus tuh jantungnya kayak detaknya kuat banget... gelisah banget rasanya.Ada sesuatu apa ya???,0.0,
GAJE BGT SI RA TBTB GELISAH KEKK PAAAN SIHHH GBLOK,0.0,
"Aku patah dan rapuh, aku terluka, aku sudah tak sanggup lagi menahan gelisah, menahan rasa sayang. Samapi sekarang pun aku di abaikan tak di lihat bahkan di tinggalkan jauh. Aku memang tidak seperti yg dia inginkan, mangkanya aku mundur saja ya.",0.0,
"# saran lagu yang bikin tenang dong, gatau kenapa tiba-tiba muncul perasaan gusar/gelisah gini. Thanks!",0.0,
Gelisah terooosss huuu,0.0,
kenapa hari ini hati rasanya nggak baik ..cemburu ?.gelisah ?.kecewa ?.merasa gagal ?,1.0,gangguan tidur
Jd kebiasaan dr sd kalau gua mikir sesuatu bakal jd cemas gk bisa tidr,1.0,gangguan tidur
"Dari kemarin kemarin ngerasa ga mood, sensitiv bgt parah, perasaan gelisah, selalu dibuat kaget dan bnyk kejutan setiap harinya yg hampir bikin otak gue mo meledak, semua org jadi sasaran atas mood yg naik turun.Tpi hari ini ngerasa bersyukur banget drama perkuliahaan ini slesai",1.0,hilang minat
"Malam ini dia terus mengoceh soal uang, ku jadi merasa bingung harus bagaimana. Pernah dia bilang jangan cemas soal uang, namun dia terus mengoceh soal uang.",0.0,
Ngerasa gelisah bgt akhir2 ini.,0.0,
Yak allah gelisah saya,0.0,
tapi hatinya mah tetep gelisah walau mulut ngomong,0.0,
"menunggu ketidakpastian, harap harap cemas",0.0,
"pernah jadi orang yang paling cemas, sebelum jadi orang yang paling ikhlas",0.0,
"kalian waktu baca au pernah gak sih sampai kebawa ke rl, maksudku suasananya, rasanya. .soalnya aku kok gini yaa ğŸ˜­.mood ku jadi naik turun, ikut gelisah mulu. waktu baca au yang topik nya soal mental illness ğŸ™ hari-hari ku jadi gak tenang....dan sekarang aku takut.",0.0,
"Hai, mau cerita... Akhir-akhir ini aku merasa gelisah, susah tidur, aku cari di google katanya sih gejala depresi ringan, aku dulu pernah di bilangin tmn mama ku psikolog ""jangan banyak berfikir yg gk penting kamu mudah depresi"" trs aku sering bernafas tdk beraturan.",1.0,gangguan tidur
"udah beberapa hari ini rasanya gelisah mulu, skrg mual, kaya org ...",0.0,
O tiada ku gelisah.Akan masa menjelang.Ku berjalan serta Yesus.Maka hatiku tenang ..Setiap nyanyi lagu Tak ku tahu kan hari esok dibagian ini selalu pengen nangisğŸ˜­.Soalnya aku menyanyikannya tapi tidak melakukannyağŸ˜­.Maaf Tuhan aku terlalu sering khawatirğŸ˜­ğŸ˜­,0.0,
Mengendalikan rasa cemas tidak semudah kedengarannya..,0.0,
sejak pandemi gabuka laptop sehari berasa gelisah ky punya beban hidup berat banget,1.0,energi berkurang
Orang yang gelisah dan takut dapat dilihat dari seringnya menyentuh wajah dan membunyikan jari-jari tangan.,0.0,
"tau ga se rek ngeroso akeh pikiran tp mbo opo seng dipikir :( , kok rasane gelisah ae",0.0,
perasaan sensitif bikin hati gelisah.,0.0,
Biar ga gelisah gmn siğŸ™‚,0.0,
abis di confessin gelisah bgt dah gua aelahğŸ˜­,0.0,
Resah.. dan.. gelisah.. ğŸµğŸ¶ğŸ¤,0.0,
"Baru kali ini gue ngalamin gangguan kecemasan dalam tidur, dan itu gak enak banget. Padahal lagi gak mikir apa2, tapi gelisah",1.0,gangguan tidur
udah semingguan rasanya gelisah terus kepala rasanya penuh pengen istirahat pdh tidur terus,1.0,energi berkurang
kok ak gelisah yağŸ˜ğŸ˜ğŸ˜ğŸ˜,0.0,
"Cemas, serba ketakutan,, takut perang terjadi, takut krisis ekonomi, takut polusi udara, wabah penyakit, air bersih, dll. Kapan senengnya?",1.0,hilang minat
yaallah knp gelisah gini,0.0,
perasaan gelisah sudah mulai bermunculan ğŸ˜±,0.0,
Gelisah bgt bgsd,0.0,
"Hari-hari penuh gelisah, dengan pemasukan yang belum tau arah..Semoga selalu dapat apa yg kita butuhkan dan diberi kelibihan untuk sebuah keinginan...5 - 5 - 21",0.0,
1 jam bangun 1 jam bangun ngde si gelisah kene kle cak sete poles dwg,0.0,
"Belakangan ini semua serba mendadak, mendadak seneng, mendadak sedih, mendadak cemas, mendadak santai, mendadak semangat, mendadak lesu, dll. Ga suka sebenernya sama semua yang dadakan, ya tapi mau gimana. Hahaha",1.0,energi berkurang
"i'm so sorry, tapi bisa kasi kata2 semangat gak? aku cemas banget gak bisa bahagiain anak2.",1.0,rasa bersalah
"Gw gasuka cemas anjir, gasuka wehhhğŸ˜­",0.0,
"Dibalik online mu, ada hati yg harap2 cemas menunggu kabar darimuğŸ¤£",0.0,
resah gelisah parai,0.0,
gelisah ga tau kenapa.ga tenang aja rasanya,0.0,
"Sometimes I can't even rest. Selalu cemas, khawatir ini itu, padahal udah capek",1.0,gangguan tidur
Rasanya gelisah anjir.,0.0,
gelisah mulu gatau karena apa,0.0,
"Hari demi hari, harapan itu kian bertumbuh, semakin aku merasa dekat, semakin banyak yg kuharapkan darimu, dan kadang2 aku menjadi  cemas karena hal tersebut. Sampai2 aku menjaid khawatir, khawatir kalau hal itu membuat harapan ku menganggu. Terutama menganggu km.",0.0,
Uti demam pon aku dah sedih dan gelisah.. Apatah lagi si kenit nii demam haihhh laaa,0.0,
"udh berapa hari kalo malem kaya gelisah gtu terus pas siang nyaa pikiran kaya kosong, kenapa yaa",1.0,energi berkurang
"dr kmrn tdr gaenak bgt, gelisah mulu bawaan nya capeğŸ¥´",1.0,energi berkurang
"ğŸ¦ˆ aku belum tidur, dan sekarang kepalaku sakit banget. Ngantuk, tapi gak bisa tidur gitu, udah coba merem juga tapi malah gelisah ğŸ¤•ğŸ¤•",1.0,gangguan tidur
Terlalu cemas.Terlalu khawatir.Terlalu takut,0.0,
Resah dan gelisah.,0.0,
Akan selalu ada tenang di sela sela gelisah,0.0,
"dismayed = kecewa, cemas",0.0,
Ini kok jantung aku deg2 an nya kenceng banget ya. Gelisah bgt. Tapi gatau apa yg aku gelisahin. Gaenak bgt perasaan.....,0.0,
Lagi gelisah. Semoga yg disana baik2 saja yah....Ya Allah lindungilah dia.....Amin ya robbal alamin,0.0,
"kalo temen""ku sudah reply tweetku yg menganduy opini, aku cemas ğŸ¥µ",0.0,
"Aku lapar, lemas, lesu, gelisah.",1.0,energi berkurang
Gelisah mendadak. Kenape ye..,0.0,
"Tidurnya 3 jam, selebihnya gelisah. Coba berbagai posisi dan cara tak kunjung terlelap. Bener-bener ini pikiran harus bisa ngendaliinnya..",1.0,gangguan tidur
STOP GUE GAMAU GELISAH GUNDAH GULANA LAGI,0.0,
Harap harap cemas,0.0,
Gelisah gini woyyyiiiğŸ˜Š,0.0,
Ada ga nih yang kalau lagi sakit bukannya bisa tidur nyenyak tp malah tidur gelisah mulu?,1.0,gangguan tidur
Harap2 cemas sampe mau nangis deh,0.0,
"Catia hari sabtu.Presntasi Statin hari sabtu..On Going :.Laprak PSKE.Laprak PO.Tugas tugas..DAN SAMPE SEKARSNG BELUM CLEAR LATIHAN CATIA 2 PRODUK HAHAHAH..mantab, masih mode nyantuy dahal did dalem ya gelisah haha",0.0,
"Aku gelisah, pas kamu datang ubah kegelisahan dan menjadi kegelisanku bertambah khawatir. Esok aku mencoba hidup tanpa kabar darimu lagi, lekas pergilah kamu dari rasa tak ikhlasku.",0.0,
Se cemas itukah gue? *nanya sama diri gue yg lain. Sampe dikirim rezeki punya temen yg baik. Terharu,0.0,
Gelisah akibat berimajinasi terlalu lama dan tinggi sampe males yang mau tidur.,1.0,gangguan tidur
"Kayak ada sesuatu yg mengganjal, ada yg aneh, tapi ga tau apaan, rasanya gelisah gitu.",0.0,
"""Tidak menyesali ataupun dendam/marah pada hal-hal yang sudah berlalu, dan tidak menaruh rasa cemas yang berlebihan akan masa mendatang, itulah ketenangan sejati""",0.0,
Demi Tuhan capek banget sama cemas.,1.0,energi berkurang
"Selama 3 tahun nyaman dgn kondisi seperti ini, dalam cemas bertanya tanya apakah beberapa hari kemudian semua akan berubah? I don't know, lagi lagi krisis kepercayaan diriğŸ˜­",1.0,rasa bersalah
Rasanyaa hari ini sedikit cemas.,0.0,
"Tidak menyesali ataupun dendam/marah pada hal-hal yang sudah berlalu,dan tidak menaruh rasa cemas yang berlebihan akan masa mendatang,itulah ketenangan sejati~",0.0,
"Harap harap cemas ğŸ˜¢, harus seperti ini terus.",0.0,
"Hmm ke gatau maua ngapain, tapi gelisah",1.0,energi berkurang
Gelisah banget ga bisa tidur ğŸ™,1.0,gangguan tidur
sedih karena belum bisa menghasilkan apa2 tapi suka mengeluh tiap hari karena kelelahan ngurus anak ğŸ˜­ lihat badan malah makin membesar ya ampuuun makin gelisah,1.0,rasa bersalah
"Setiap abis magrib knp ya pasti hati ini gelisah kyk gak bisa nerima keadaan. Tapi dgn keadaan begini gak bisa berbuat apa2, kalo di lakuin juga cuman bisa memperkeruh suasana ğŸ˜",1.0,rasa bersalah
Kok resah dan gelisah yo ğŸ¤”,0.0,
Gelisah bgt kira2 mau ada apa ya,0.0,
"tbtb gelisah, tf is wrong with meh?",0.0,
"sumpah aku gabisa tidur...tidur sih, tapi kek gak tidur...gelisah banget..",1.0,gangguan tidur
"kenapa ya kayaknya malem ini gue gelisah, sedih kayak pengen nangis tp gatau sedihin apa",0.0,
mengapa bgtu gelisah? yg pasti bukan krna thr tanpa tukin. ..tpi smua krna koe,0.0,
"Skripsi tidak berbahaya. Tapi gelisah berlanjutan karena skripsi belum selesai, bisa berbahaya bagi jantung.",0.0,
apa tida bisa ya ga ganggu hidup orang? sampe cemas dan gabisa tidurğŸ˜­ğŸ˜­ğŸ˜­,1.0,gangguan tidur
gimana si biar tenang asli tbtb degdegan trs keringetan ama gelisah gituğŸ˜”,0.0,
Dan lagi tiba-tiba perasaan jadi deg deg an dan cemas tanpa tau karena apa :(.,0.0,
"pagiÂ² udah ga enak banget nih hati, cemas banget rasanya ğŸ˜”",0.0,
"Jika kamu resah &amp; gelisah adukan saja kepada RABB""mu dan bacalah Al-Qur'an agar hati jadi sejuk dan kurangi menyinyir terhadap orang lain #bowochallenge #iwartabowochallenge",0.0,
mengendalikan rasa cemas yang berlebihan,0.0,
Saat mendengar lagu hati jd tenang dan saat mendengar Al-Quran hati jadi serabut dan gelisah.. itu petanda hati dilanda CORONA BERONA.. perlu direnungi.. kerana hidup itu bukan main-main,0.0,
resah gelisah menghantui diri,0.0,
"Masa puncak stress gua udh lewat dan gua berisiknya baru skrg. After going out with my friends yesterday, that makes me feel kinda better. Tadinya sempet takut dan gelisah mau keluar, yes krn anxiety lg aktif. But well I hope i'll gain some weight after this badai, bismillaah",0.0,
paling cemas kalau mama udah sakit.,0.0,
jangan cemas dulu:),0.0,
"""kemarin cemas setengah mati, sekarang istri udah sadar kaku lagi.. gimana sih""",0.0,
Terakhir kali ngerasain hal se gelisah ini pas hari Rabu. Pas tau mamanya meninggal. Semoga ini bukan pertanda lagi yaa,0.0,
Ntah butuh brp tahun terjun sampe bisa ngerasain turun jaga tanpa rasa cemas ğŸ˜¶ğŸ¥²,0.0,
"Mau nanya, pernah gak sih kalian cemas sama hal yang kalian suka? Bahkan karena suka banget sama hal itu, sampe ngerasa itu adalah bagian dari hidup kalian. Tapi setiap kali ngelakuin atau inget hal itu kalian jadi cemas. Menurut kalian harus gimana? :(",0.0,
"Np sih w tiap piket tuh selalu gelisah :"" padahal cuma piket, tp tkut bgt rasanya, degdegan :""",0.0,
DEMI ALLAH GUA MASIH CEMAS.,0.0,
"waktu terus berjalan..hari terus berlalu..seiring itu juga hati semakin gelisah dan terlukaa...ya Allah aku tau Kau mengujiku dgn rasa sabar ini, dan Kau mengujiku dgn segala yg terjadi..ampuni aku yg mulai melemah dan hilang semangat untuk terus berjuang dan bertahan...",1.0,hilang minat
Ku ingin hembuskan gelisah di dada dengan nafasku,0.0,
Kenapa setiap mau tidur pagi gue gelisah trsğŸ¤¡ğŸ¤¡,1.0,gangguan tidur
"Cemas sendiri, sedih sendiri, tidak memiliki tenang",0.0,
"Ada apa ini aku cemas, aduh moga gapapa",0.0,
"Gue tuh suka gini ya, deg degan dengan hal yang ga tentu, gue ga tau kenapa tapi rasanya gelisah banget. ANEHHH.",0.0,
Gelisah bgt anjir kenapa ya,0.0,
tapi hatinya mah tetep gelisah walau mulut ngomong,0.0,
Daritadi saya gelisah sampai sesak. What's wrong?,0.0,
"Mulai cemas lagi kalo dah bnyk jadwal, pdhl kemarin-kemarin dah tersusun dgn rapi. Kok biso kecolongan aduh :')",0.0,
"Adf- my ada yang tau gak sih aku ini kenapa? Dari kemarin rasanya gelisah, kayak cemas/ khawatir berlebihan, tiba-tiba ngerasa sedih, takut aja. Tapi aku sendiri juga gak tau kenapa kok gini",0.0,
"Gegana, gelisah, speecheles entah apa penyebabnya :""",0.0,
dah males.. gue jadi gelisah faaak,0.0,
Seneng tapi juga cemas.,0.0,
Cemas nih cemas,0.0,
jujurly gue gelisah bgt,0.0,
Nih dri td hati gw gelisah mulu,0.0,
"Nanti ketika kamu sudah bosan dengan yang baru, lalu kamu menengok ke belakang dan merasa bersalah padaku, kamu jangan sedikitpun gelisah. Percayalah, aku sudah memaafkanmu. Meski aku tak akan pernah menerimamu lagi.",0.0,
Aku membutuhkan adit bukan untuk stalking ataupun untuk hal hal aneh karena aku sendiri udah mulai belajar gak stalking cuma karena takut gangguan mental tambah memburuk walaupun masih merasa cemas dan merasa takut kalo gak stalking aku tahan supaya adit gak merasa terganggu,0.0,
Gelisah terus astagfirullah,0.0,
"acas deg degan tapi gatau kenapa, gaada penyebab, gelisah, sakit perut tapi takut gitu, tau ah capek, ini udah ketiga kalinya untuk hari ini, hah â€” hah :)",1.0,energi berkurang
"Selalu cemas tentang hari nanti, padahal hari ini pun belum berganti.",0.0,
setiap kali cemas kenapeee penyakitnya lari ke perut siih,0.0,
Kalo gelisah cari posisi terbaik sebelum tidur berasa kayak ada yg perhatikan ki ğŸ™„,0.0,
Resah dan gelisah,0.0,
"Di malam hari, menuju pagi .Sedikit cemas, banyak rindunya",0.0,
"bbrp hari ini gue kayaknya ga baik baik aja sampe kayak gampang bgt nangis, takut, cemas, sedihhh ajaa bawaannya. sampe mikir ini gue nangis mulu batal gakya puasanya?",0.0,
"Ini udah beberapa hari kalo tidur bawaannya takut, gelisah, degâ€an, ngerasa sendiri, nafasnya juga kadang berat banget.....kenapa ya....kaya takut sama gelisah mulu ya allah",0.0,
"cape overtingking,cape cemas berlebihan, cape pokonya cape",1.0,energi berkurang
cemas gak? cemas gak? cemas lah masa enggakğŸ˜…,0.0,
Bukannya semakin tenang malah semakin gelisah hati ini,0.0,
ada yang boleh aku ketuk dm nya gak? aku gelisah banget kepikiran,0.0,
Akhirnya gelisah lagi uhh mmhhh ahh,0.0,
Tak perlu berlari cukup menapaki satu persatu batu yang sedang dipijaki secara perlahan dan resapi tanpa ada rasa cemas penuh emosi,0.0,
"akhir"" ini ngerasa takut &amp; cemas banget mikirin hari h buat ospek kerja besuk seninğŸ˜­ğŸ¥º.jujur takut banget karna aku bukan yg cpt banget deket sama temen,takut gabisa,takut ngecewain,dan kalo tiba tiba keinget langsung nangisğŸ˜",1.0,harga diri berkurang
"Ini kenapa gabisa tidur, gelisah bgt...",1.0,gangguan tidur
Kuingin hembuskan gelisah di dada dengan nafasku,0.0,
Resah gelisah mengiringi,0.0,
hlt! knp ya aku suka nervous tbtb terus cemas deg2an sampe keringetan,0.0,
"Tidak banyak orang yang yakin akan doanya, tidak banyak pula orang yang setia menunggu dengan apa yang di doakan. Doa itu unik, ada harapan dan rasa, ada khawatir dan gelisah, ada tangis dan bahagia. Tapi akhir dari doa akan selalu yang terbaik untuk manusia.",0.0,
"tanyarl jantung aku sering degdegan gitu kdg sampe bermingguÂ² trs normal lagi sampe beberapa minggu jg, ada yg tau ini kenapa gak ya? atau mungkin aku sering cemas sama stress aja ya",0.0,
"Gelisah bgt sumpah, viewsnya makin lambat naiknyağŸ˜­",0.0,
Baru ini bangun tidur ngerasa gelisah dan pegelÂ² ğŸ™„,0.0,
Cemas bgt 5 hari ga pulang weyğŸ˜­,0.0,
Hidup aku huru hara. Tiada jalan penyelesaian. Takut akan sesuatu yang tak pasti. Gelisah tak tentu arah.,0.0,
GELISAH GALAU MERASANAğŸ˜«,0.0,
Bener bener gabisa disuruh diem nyimak sampe berjam-jam. Langsung cemas bawaannya.,0.0,
aku belum menyerah.hanya sedikit gelisah.,0.0,
Sbnrnya cemas sih.Asli kyk tkut bgt.Gw udh smpe mainin/gigitin kuku :(,0.0,
Kalo mau jujur sih gelisah sejak hari itu walau bilangnya bukan....,0.0,
Sejak kebelakangan ni asyik rasa resah dan gelisah je. Haihh,0.0,
gelisah bgt ini dr kmrn knp ya,0.0,
Gelisah bat bawaanya gatau kenapa,0.0,
kenal aja kaga dah gelisah,0.0,
"Gelisah,.Terkunci dalam semua gerak.Berkecambuk dalam otak perdebatan brisik tentang keputusan. Berteman dengan ketakutan dan resiko",0.0,
"Wah dah mulai gelisah, mari tidur",0.0,
Sumpah gw gelisah bgt gaboong demi knp sih,0.0,
"Agak cemas sebenarnya tadi kelas siang apa bisa kejar target. Tapi Tuhan ada aja kasih jalan, kelas rabu dipindah padahal kuis. Setidaknya nanti pagi bisa bermesraan dengan data sampai buka puasa",0.0,
"ğŸ–¤ Kalian klo lagi cemas atau gelisah gitu, jantungnya suka kerasa aneh gak sih? Apa aku doang ya?",0.0,
"ayo ayo ayo...dulu 10 tahun bisa dilewatin, masa blm sebulan aja udh gelisah",0.0,
"Waktu akan terasa lambat bagi mereka yang menunggu, terlalu panjang bagi yang gelisah, dan terlalu pendek bagi yang bahagia",0.0,
"Gelisah, resah, jdi satu. Ga bisa konsen. Tidur pun tak mampu",1.0,gangguan tidur
"Semoga Mei disertai kabar-kabar baik. Yang luka, lekas pulih. Duka berganti suka. Cemas yang lebih tenang. Dan doa-doa yang lebih sabar...#senjamu",0.0,
dari tadi gelisah mulu kek ayam mau bertelur.,0.0,
Jangan membandingkan dirimu dengan orang lain. Iri hati hanya membuat jiwamu gelisah. Jadilah diri sendiri.,0.0,
yg 5 dream dipimdahin ke unit baru tuh jadi gk si anjrit kok gua jd cemas,0.0,
"kelar utbk niat hati mau santuy santuy nonton series, e malah kepikiran mulu. cemas gue anjir",0.0,
"""Tidak menyesali ataupun dendam/marah pada hal-hal yang sudah berlalu, dan tidak menaruh rasa cemas yang berlebihan akan masa mendata #COYS",0.0,
ni biasanya kalo gelisah lama gini pasti abis itu ada deh kejadian yg ngga ngga,1.0,suram pesimis
prnah ga lu mikir sesuatu trs langsung lupa trs jadi kpikiran tadi lu mikirin apaan bangsat ini gw ga inget2 jadi gelisah sendiri,0.0,
"Dialog dini hari.. kepada diri sendiri, resah gelisah mengiringi, berharap ada yag mengerti-",0.0,
cuma aku kah yang gelisah.,0.0,
tuhkan mulai cemas,0.0,
di keluarga ayah semua pinter2 like pasti ekspektasi ke gue jg tinggiğŸ˜¢ bikin cemas bgt mikir ini huhu,1.0,konsentrasi berkurang
"Lengkap sudah. Kecewa  berpadu hati yang patah. Menghasilkan sekepal rasa gelisah. Entahlah, semoga semua ini berujung indah",0.0,
"ketika bipolar lu kambuh selamat datang sesak nafas,tremor,cemas,ketakutan,selfharm dll",1.0,gagasan membahayakan
"Kok belakangan ini perasaan lg gaenak mulu ya, kaya mellow, ga tenang, gelisah",0.0,
Kl udh kepikiran terus ga tuntas tuh rasanya gelisah banget emg,1.0,konsentrasi berkurang
Lg cemas..lg badmood..tp smangat liat law school..,0.0,
"Ya gimana nanti :â€™), cemas aing semoga bisa kontrol emosi",0.0,
"gelisah banget mau milih antara boring or chilling , TOLONGGGğŸ˜­ğŸ˜­",1.0,energi berkurang
ya allah kenapa ya udh semingguan kek gelisah gitu gangerti banget aaa,0.0,
"orang nampak kita tenang , happy macam takda problem sebab hanya satu senyuman yang kita lempar keluar tetapi sedih resah dan gelisah berjuta yang kita pendam sendiri , hanya kita yang tahu .",0.0,
"dulu tuh kalo tau ada orang yang ga suka sama aku, pasti uda langsung cemas, sedih, cari tau kenapa sampai ada orang yang gasuka.",0.0,
"Fearful. Sering mengalami perasaan sangat khawatir, sedih, atau gelisah.",0.0,
"gila, kenapa gelisah ya? *main yoyo*",0.0,
"â€œbesok kerjaâ€ seketika mual, asam lambung naik, pusing, gabisa tidur, gelisah. harus apa yaağŸ¥º",1.0,gangguan tidur
"Gelisah tak menentu!! Itulah ketika ada ujian. Tapi hadapi dan lewati. dari dulu zaman sekolah juga begitu, masa sekarang ga bisa lewati begituan. Bisalah",0.0,
"Panik, gatau panik karena apa. Gelisah sendiri, kepikiran juga",0.0,
Gabisa berhenti ini pala saya munculin mata yang harus ditatap saat cemas mulu,0.0,
"benerbener tiap hari takut, gelisah...ğŸ˜­",0.0,
ini gimana ya biar tenang. jadi gelisah gini setelah baca.,0.0,
"Aneh. Gua hari ini ga nugas dan agak luang jadi bisa baca novel yang dangkrak tapi... rasanya aneh. ğŸ˜Ÿ Dari tadi gelisah ngecek google calender jaga2 kalau salah baca. Tapi masih anehğŸ¥º gimana ini yak, spt nya harusnya mencari kesibukan untuk menghilangkan perasaan ini.",1.0,konsentrasi berkurang
ada ba benda buat aku gelisah ni,0.0,
Entah kenapa gw setiap abis sholat Ied tuh tiba2 gelisah gajelas akhirnya gak mood silaturahmi atau apalah yg biasa orang pas lebaran ngapain :(,0.0,
"Mentok tidur pasti jam 11 sampe set 12. Kalo lebih dari itu pasti cemas, knp yğŸ˜”",0.0,
"Pernah gak sih lo saking gugup, takut, dan cemas itu sampe lo pingin muntah gt",0.0,
Jangan membandingkan dirimu dengan orang lain. Iri hati hanya membuat jiwamu gelisah. Jadi diri sendiri.,0.0,
"Pas udah kelar semua begini kenapa pusing banget pala gue .......Tapi sumpah gue gamau tidur, gue gelisah banget kalau disuruh tidur.",1.0,gangguan tidur
"Gtau harus senang apa sedih. Dn gatau perasaan ini smape kapan? Gue yg ngrasain nya aja bgung tiap hari coy.. bingung sm perasaan sndiri. Sllu ga tenang, gelisah. Tapi, pasrah aja.. ada Allah. Anak ku, bisa ya.. shaina bisa.",0.0,
[cm] mau lulus aja banyak bgt rintangannya yaa ğŸ˜©ğŸ˜« capek bgt guyssss mau rest bentar tapi gabisa kayak gelisah gitu,1.0,energi berkurang
"emang benerrrrr bermedsos ria harus nyari sehatnya, kalo cuma bikin gelisah doang ngapain",0.0,
"Mulai gelisah...Yg lain udh mulai sholat isya, gw ga khusyukÂ²,kucing makin deket..Akhirnya batal sholat buat ngusir kucing",0.0,
moots kalian kalo lagi anxious gitu ngapain biasanya? i used to write something tiap kali banyak pikiran atau cemas sama hal hal yg belum pasti... tp sekarang... idk what to do &lt;/3,0.0,
Gelisah gitudeh ğŸ˜° [],0.0,
Suka cemas tbtb,0.0,
"Ketika lagi ngerjain sesuatu, dan tiba-tiba merasa gelisah dan was-was padahal gada apa-apaan...hadeh ada apa wahai diriku",0.0,
Bikin cemas aja asu,0.0,
gelisah banget :'),0.0,
"Suka ga ngerti sama diri sendiri. Punya mental gampang bgt down, sering banget ngerasa khawatir atau cemas, susah ngontrol pikiran, mudah banget sakit hati. Kadang yang bikin diri kita sendiri menderita adalah terlalu memikirkan apa kata orang.",1.0,suram pesimis
"Gw tuh suka bingung kalo udah nyelesain sesuatu abis itu tuh ngapain lagi. Kek ngerasa semuanya udah, tapi apa yang kurang ya. Bawaannya tuh gelisah mulu",0.0,
"Jujur, dari dulu sampe sekarang, sejak 4 tahun terakhir, musuh terberatku dalam menulis adalah perasaan anxiety. Gak ada alasan yang begitu detail, cuma tiba-tiba gelisah gak jelas aja, sampe kadang kalau parah banget bisa bikin stop nulis berbulan-bulan.",1.0,energi berkurang
malah cemas sendiri wkwk :((,0.0,
"orang nampak kita tenang , happy macam takda problem sebab hanya satu senyuman yang kita lempar keluar tetapi sedih resah dan gelisah berjuta yang kita pendam sendiri , hanya kita yang tahu .",0.0,
"Banyak cemas nya, jadi banyak nangis nya.",0.0,
"dirundung masalah ,..hati resah,..jiwa gelisah.",0.0,
kok dri tdi ku ngrsa gelisah bgt y?,0.0,
gelisah banget pas baru bangun tidur kaya langsung dapet pikiran pikiran jelek dan itu setiap hari banget,0.0,
duh yaallah gelisah bgt,0.0,
"Rasa hatii gelisah gini , setiap mau kerja mesti ngerasa was was gak tenang",0.0,
"Meskipun aku diam tenang bagai ikan, tapi aku gelisah pula bagai ombak dalam lautan. - RUMI..#MCO3",0.0,
"[cm] guys gmn sih rasanyaa, tiap hari kayak cemas bgt mikirin skripsi, jadwal sidang agustus bgt dan sampe skrg msh ngambang, mau revisian kayak otaknya kopong gitu aja tp tiap hari cemas bgt sampe gemeteran ğŸ˜­ğŸ˜­",1.0,energi berkurang
Resah dan gelisah..Mboh...lah..,0.0,
orang lain gatau gua ngerasain cemas setiap hari.,0.0,
umami mami mami gelisah hati ini,0.0,
"dibangunin rasa gelisah ini mah judulnya,,, udh tidur larut  masih aja bangun pagi",1.0,gangguan tidur
"sedikit cemas, banyak takutnya",0.0,
gue takut deh cemas nya udah berlebihan karena gue udah di fase yang takut bgt,0.0,
"Apa sebenarnya yang membuatku gelisah, please, tell me!",0.0,
"beberapa hari yg lalu gelisah, hari ini mens. baru sdh baca kalo gelisah itu salah satu gejala pms. jadi siapa yg kasi gelisahka ini, skripsi atau pms?",0.0,
Duh gelisah gini ya anjeng:(,0.0,
"Lebaran makin dekat. Ya Allah males bgt rasanya mau ketemu keluarga besar, males bgt ditanyain macemmacem, belum apaapa udah ga nyaman aja ni hati cemas bgt fakğŸ˜­",1.0,energi berkurang
"Tiba-tiba gelisah, gak nyampe 5 menit langsung mual parah. Memang asam lambung penyakit paling cepat ngefek kalo ada pikiran ğŸ‘ğŸ»",0.0,
Gelisah bertanda apa ya -_-,0.0,
"Katanya gua kuat, gua batu wkwk gua selalu panic attack kalo malem gelisah ga jelas mana ada yang tau wkwk gua ga keluar kamar seharian karna udh cape bgt boroÂ² ada yg peduli malah di bilang malesÂ²an padahal mereka gatau alasan gua begitu kenapa. Kayanya mentalhealt gua gapenting",1.0,energi berkurang
jd harap harap cemas sy ntr dpt vers apağŸ™‚,0.0,
resah dan gelisah,0.0,
"Beberapa hari ini bawaan nya gelisah mulu, kek ga tenang gitu.",0.0,
"Sumpa gw tb"" gelisah knp ya",0.0,
gue seharian gelisah bgt knp ya padahal ga ada apa-apa..tenang pas abis sholat doang abis tuh gelisah lagiğŸ˜”,0.0,
toxic bgt yaalah tiap malem selalu takut lupa ngerjain sesuatu ğŸ˜­ğŸ˜­ğŸ˜­ğŸ˜­ğŸ˜­ kek gelisah gt anjr,0.0,
"Hari ini energinya berat banget. Harus ke dokter, USG, lalu rontgen. Hasilnya baru ketahuan besok. Duh, cemas banget.",1.0,energi berkurang
"Waktu akan terasa lambat bagi mereka yang menunggu, terlalu panjang bagi yang gelisah, dan terlalu pendek bagi yang bahagia. N #PojokMoveOn",0.0,
Perasaan gelisah adalah the worst thing .ever.,0.0,
tiap menjelang malem gini selalu cemas bakal ada drama apa tar malem anak bayiku ini ğŸ¥º kalo gak ada suami pasti gila beneran dah ni ğŸ¥º,0.0,
"Kenapa takut pd lara sementara semua rasa kita bisa cipta !..Akan selalu ada tenang , disela-sela gelisah yg menunggu reda ...",0.0,
cemas bgt ni hati knp yh.,0.0,
"Resah gelisah mengiringi, berharap ada yang mengerti, berharap tak ada di sini.",0.0,
"deg2an ih jadi gelisah gini, laper jugaağŸ˜­ bismillah yaa",0.0,
Say! Kalian ada ga yg cemas ttg kesehatan? Ada tips supaya ga terlalu over cemasnya?,0.0,
Gak enak hati gak tenang pokoknya gelisah :( banyakin dzikir yukk,0.0,
Agak tkut trus gelisah gitu...,0.0,
mulai gelisah sama perjalanan hidup yang gini gini aja,0.0,
gelisah gini eh,0.0,
Ini gw knp gelisah bgt?!!!,0.0,
gimana ya ngilangin rasa cemas,0.0,
Gelisah bgtt dr td kenapa yaaa,0.0,
gw kenapa cemas-cemas mulu ya dari kemarin...,0.0,
Ya Allah ak cuma minta hidup aman tentram dan damai tanpa dihantui rasa cemas doang ya Allah ğŸ˜©ğŸ˜©,0.0,
Lama lama jantungnya kerasa mau copot kalo gelisah gini,0.0,
"sekarang tu tiap hari bawaannya cemas terus, berasa kek lagi nunggu sidang skripsi gitu lo. paham kan ya rasanya deg degan, khawatir, takut. bedanya kalo skrg gatau yg dicemasin tu apa",0.0,
Kebiasaan suka cemas gajelas,0.0,
-rek kalian kalau mulai cemas ngapain biar reda?,1.0,
pen tidur tpi gelisah.pahamkan?,1.0,gangguan tidur
Gelisah tapi gatau sebabnya tuh gaenak bgt yaaaağŸ˜ daritadi deg deg an. Semoga semuanya baik2 aja,0.0,
anjir gelisah bgt hari ini kenapasi ya,0.0,
"Gelisah yang melanda, sangatlah mengganggu suasana",0.0,
Sch! Aku kecanduan main hp sampe kalau ga ada hp rasanya gelisah. Cara ngilanginnya gimana yaa,0.0,
"um! plis ini gimana gua ngerasa takut mau keluar rumah krn takut ketemu orang2, gatau kenapaaaaaa, pdhl gua dulu ga giniiiğŸ¥ºğŸ˜¢trs suka nervous trs kek cemas berlebih ampe keringetan gituuuuuuu",0.0,
Gelisah banget kenapa ya :(((,0.0,
"Kayaknya beneran udah di tahap anxiety kalo tiap buka whatsapp. Rasanya beneran cemas, takut, deg degan, merasa bersalah, merasa useless. Pengen ngilang rasanya, tapi bahas tugas sama pameran disitu semua...",0.0,
"itu kalau lagi cemas/khawatir, parnonya berlebihan loh. ^^",0.0,
gelisah bgt njir,0.0,
Resah gelisah mengiringi,0.0,
hloo? wkwk udh lama ga jbjb mutual. akun ku mlah jd kliatan kyak bot rt yağŸ˜­ ..tbh akhir2 ini ak ngrasa cape. rasa cemas slalu tiba2 dteng tanpa sebab smpe ak mikir i hate myself even more. bhkan kmaren smpe di titik dmn pikiran nyakitin diri sndiri dteng ke otak ak,1.0,gagasan membahayakan
-11fess mulai lg ni tiap malem gelisah:)))),0.0,
satu persatu keluarga (perempuannya) yg hampir seumuran mama meninggal. dan rata-rata dibawah mama. mulai cemas .....semoga selalu sehat ya ma ğŸ¥ºğŸ™ğŸ¼,0.0,
"Dulunya terasa indah.Tapi sekarang nyatanya .Terasa gelisah, gundah dsbg;(",0.0,
"""Tidak menyesali ataupun dendam/marah pada hal-hal yang sudah berlalu, dan tidak menaruh rasa cemas yang berlebihan akan masa mendatang, itulah ketenangan sejati""",0.0,
Gabisa tidur karena cemas ga enak banget gabisa di bawa nonton juga,1.0,gangguan tidur
Kyknya kebnykan dosa deh klo gelisah mulu gini,0.0,
"Sial, cemas lagi, muntah lagi!",0.0,
gmn ya masa cemas berkepanjangan ..,0.0,
"pikiran lg bener kebagi bagi banget, sampe tadi ketiduranpun kaya ngerasa cemas, tp gatau cemasnya karna apağŸ˜•",0.0,
"Ada cemas yang berlebihan hari ini, .Dan, ada yang lain.",0.0,
Bener2 aku lakuin ini shalat istikharah. Deg2annya gak karu2an gilaaaaak cemas banget,0.0,
Fwb cara nenangin hati yang lagi gelisah gimana ya? Ini bukan masalah cowok. Gw f20,0.0,
Perpaduan cemas dan gelisah membuatku sakit kepala hebat..ğŸ¤¯ğŸ¤•ğŸ¤•ğŸ¤•ğŸ¤•ğŸ¤•ğŸ¤•ğŸ¤•ğŸ˜µğŸ˜µ,0.0,
Cemas banget ğŸ˜ğŸ˜ğŸ˜ğŸ˜,0.0,
cemas berlebihan jam segini ganggu bgt tuhann,0.0,
cape gelisah mulu tiap hari:'(,0.0,
Gelisah berlebih sih,0.0,
"setiap tangi gasik, mesti atine gelisah,, ono sing koyo ngono ga??",0.0,
Bawaannya jadi gelisah haha,0.0,
Bingung dari kemarin ngerasa gelisah tapi gatau gelisah karena apa,0.0,
tanyarl ada yang tau obat penengan biar engga degdegan? aku tiap bangun tidur gelisah terus engga tau sebabnya apa atau ada saran lain supaya engga kaya gini terus. makasihğŸ¥°,0.0,
Aku berdansa di ujung gelisah,0.0,
Piyee iki kok awak ku gelisah yo,0.0,
Tiap denger temen mau sidang up suka jadi gelisah ga jelas pgn buru buru beresin juga tp klo di buru buru karna liat org takut malah ga bnr :( wkwk,0.0,
"Anjir lah, beberapa hari ini kek gabut bgt, jadi gelisah kok tugas ga muncul2ğŸ˜¢ğŸ˜¢.Biasanya hari senin/selasa udh ada tugas dan deadlinenya rabu/kamis -_-",0.0,
"Mau tanya, tapi takut.Kalau ga nanya, malah semakin gelisah",0.0,
Menunggu dengan cemas ğŸ˜­ğŸ˜­ğŸ˜­,0.0,
tapi hatinya mah tetep gelisah walau mulut ngomong,0.0,
makin cemas aja anjir ini mah ğŸ˜­,0.0,
"Belum solat jadi gelisah, mau solat masih mager. Astaghfirullah",0.0,
kenapa gelisah begini dahğŸ¥º campur aduk bgt perasaan,0.0,
Gelisah banget kenapa yağŸ¥²,0.0,
padahal lagi ga kangen sapa sapa tapi og gelisah resah,0.0,
"Gini bgt rasanya.. ga tenang, gelisah ğŸ˜¥ kaga tau knp, tidur kebangun2 trus, dihati dipikiran serasa numpuk mikirin apa ntah..",1.0,gangguan tidur
Terserang rasa gelisah,0.0,
"Rasa panik, gelisah saat ini ğŸ“ˆ",0.0,
Pengen tidur doang ya allah malah gelisah ga jelas ğŸ˜­ğŸ˜­,1.0,gangguan tidur
mampus gelisah banget,0.0,
mau tidur aja gelisah mulu far,0.0,
Mau tidur aja segala gelisah,0.0,
i get trauma. waktu kecil dikatain jelek karena punya tai lalat. pas udah beranjak gede sekitar sma juga pernah dikatain jelek sama cowo. emg punya tai lalat itu cacat kah? apa suatu kesalahan aku punya tai lalat? gatau knp aku akhir akhir ini mulai cemas lagi soal masalah iniğŸ˜­,1.0,harga diri berkurang
Tak seharusnya aku cemas perihal takdir. Sebab selembar daun pun Allah sudah atur akan jatuh kapan dan dimana,0.0,
"[Cm] Tolong tenangin aku teman2 â˜¹.Bilangin ""gakpapa"" kalo penelitian aku lama.""Its oke"" kalo belom juga nyusun skripsi.""Its oke"" kalo wisuda agak mundur dari rencana.Gakpapa kaan??? â˜¹.Mulai gelisah sendiri aku :(( penelitianku udah 5 bulan soalnya (+2 bln magang)ğŸ˜­",0.0,
"Ketika â€œmengandalkan diri sendiriâ€ adalah jawaban terbaik untuk melupakan amarah, cemas, dan kecewa",0.0,
2 minggu menuju ujian dan udh mulai resah gelisah dan banyak pikiran,0.0,
"knp ya kalo ada byk org ngobrol dpn rmh, motor byk yg lewat jg, perasaan lgsg gelisah takut gt",0.0,
"Biasanya tiap malem kalo sendirian gelisah, ini tenang. Rasanya beda banget.",0.0,
"khawatir boleh, cemas boleh. gak ada yang melarang.",0.0,
duhh kok cemas tbtb ya akuu ğŸ¥ºğŸ¥º,1.0,
"cape gk sih,,,,, aku akhir2 ini lagi gelisah sm sesuatu ky pengen cepet2 nunggu waktunya dtng trus selesai gtu huuhh ğŸ¥ºğŸ¤§ğŸ‘‹",0.0,
Cemas nian lajuğŸ˜­,0.0,
"Kebahagiaan dan kesedihan bergerak dalam satu pintu,tak perlu cemas menghadapi proses kehidupan ini.",0.0,
Tidak usah cemas ceritamu ditulis oleh penulis skenario terbaik,0.0,
"Kalau lagi cemas tuh beneran tangan berasa lemes banget, deg-degan. Tapi bangga, selalu percaya kalau fase-fase begitu tu cuma sementara ğŸ¤—",1.0,energi berkurang
bangun tidur udh gelisah aja ni asu knp y,0.0,
"Padahal keadaan dan keinginan yang tidak bisa bertemu, lantas kenapa hati menjadi gelisah?",0.0,
ğŸ˜­ cemas bat semoga ga kenapa napa aku,0.0,
Gelisah mikirin idup,1.0,energi berkurang
aku pengen me time tapi takut karena aku orangnya bukan tipe panikan tapi suka cemas sendiri gatau kenapa,0.0,
"Takut dan banyak spekulasi , cemas",0.0,
Udh bbrp hari gelisah trus kenapa ya,0.0,
Ku ingin hembuskan gelisah di dada dengan nafasku,0.0,
"lagi cemas tbtb mikirin mati, eh ada pengumuman di masjid ada yg meninggal. ya allahğŸ’”",0.0,
Gelisah mulu napasii,0.0,
Pusing dan cemas,0.0,
"Hangat pelukmu yang menghapus segala gundah dan gelisah. Akan selalu kamu dan kamu yang ada dihatiku, mengalir dalam darah dinadiku â˜º",0.0,
Ko gelisah bgt ya malem ini?,0.0,
Minggu malam gini pasti selalu gelisah njirrğŸ˜¤,0.0,
Semakin dekat hari Raya Idul Fitri ada rasa gelisah dan resah walaupun aq bisa menutupi dgn senyumku..Sudah hampir 8 thn hari Raya tanpa makna dan terbiasa sendiri...Hanya bersyukur kepada Allah masih dpt berpuasa Ramadhan dan Lebaran...Dah Gitu Ajah,1.0,suram pesimis
Tak suka ada perasaan macam ni !! Gelisah semacam,0.0,
Gelisah malam ini,0.0,
dari kemarin gelisah terus:(,0.0,
3 hari tremor cemas,0.0,
Masih harapÂ² cemas,0.0,
"Aku mau nanya. .Kan aku orangnya Ekstrovert, tapi makin kesini aku makin takut kalo ketemu banyak orang kayak langsung cemas gitu lho. Ada yg tau gak itu kenapa?",0.0,
Kenapa tiap lagi ngerjain tugas selalu gelisah anjir terus pusing parah bikin mumet gabisa fokus atuhlah,1.0,konsentrasi berkurang
Ngapa nih gua gelisah,0.0,
ya Allah kenapa sih di rumah ini gue bawaannya marah marah anxious gelisah gak pas mulu ati gue kea akdhsksks hati ini dipenuhi kedengkian,0.0,
Haduh cemas gini padahal besok cuma presentasi...,0.0,
"belakangan taun ini sering bgt ngerasa cemas, gelisah, sedih, tapi teuing naon sebab na, kabeh datang dengan sendirinya. Aneh.",0.0,
"Cemas bgdd, hp mau jatoh lagii ğŸ˜­",0.0,
"Maju adalah harapan,.Berhenti adalah keputusasaan.Harapan yang gelisah lebih baik daripada putus asa..#morethanfriends",0.0,
Jadi saat waktunya tiba aku ga akan kaget lagi dan ga kecewa berlebihan. aku merendahkan ekspektasiku di tengah banyak kemungkinan. Itu aku urungkan karena aku tau dan sadar diri. Sekarang harusnya aku ga akan gelisah lg kan? Tp kenapa aku masih belum siap?,1.0,harga diri berkurang
ASLI ASLI AKHIR AKHIR INI GELISAH TIAP JAM 22.00 TAKUT TIBA TIBA MIXTAPE KELUAR,0.0,
Udah males bat kalo tiap hari bawaannya gelisah terus-terusan tanpa sebab,0.0,
"Aku bisa nglewatin ini gak ya? .Jujur dalem hati sih ngga ada rasa cemas sebenernya, cuman kek kepikiran aja gitu kirakira aku bisa bertahan ditempat ini gak ya??",0.0,
"Knp pikiran2 di masa dpn selalu membuat cemas, padahal blm tentu terjadi. Whyyyyyy? Sampe pusing bgt ni kepala. Pdhl udah nyemangatin diri sendiri buat tenang, sabar, pelan-pelan. Obatnya ada ga sihhh",0.0,
"Berkompromi dengan isi hati . Gelisah , gundah , senang , sedih . Kyk naik gondola tapi ga tau kapan turun dr wahana .",0.0,
"gue gampang gelisah, malah dibilang fake.",0.0,
"Gua gelisah banget kenapa ya, kurang ibadah kayanya..",0.0,
"Overthinking, gelisah, pusing sendiri, cape, pengen nangis, nyesek mulai memasuki ruangan ğŸ¤§",1.0,energi berkurang
Hati lg kenapa si ini gelisah bgt,0.0,
"dah males kerja , kalau udah sering ngerasain cemas",0.0,
Sekitar 5 tahun (pertengahan 2016) terakhir kali ngerasain perasaan cemas dan ga punya motivasi begini. Sekarang muncul lagi. Ya Allah harus gimana ini..,0.0,
Pelan saja aku ingin bicara tentang perasaan yang gelisah dengan keadaan,0.0,
"TAKUT, PASRAH, CEMAS, YA GIMANA YA???",8.0,
"Help ma mental... Gini amat siihh.. .Baru tadi sore bilang sama diri sendiri kalo lo tuh hebattt, hebatt karna rasa cemas dan ke overthinking an lo itu udh gak muncul lagi beberapa bulan ini, tapi kenapa skrng muncul lagi ğŸ˜­ğŸ˜­",0.0,
kok skrg bnyk sender yg minta au bikin nangis trs explain tags nya like literally brutal.. gue agak khawatir..,0.0,
Berdansa diujung gelisah,0.0,
kalian klo di rumah sendirian suka was was cemas gtu gaksi?,0.0,
"Pas baca-baca lagi soft file proposal, kok gini ya banyak yang salah. Tapi mau gimana berkas nya udah di sebar, makin cemas dah.",0.0,
"Ptn! puasa sosial media sesudah utbk menurut kalian gimana? Aku lagi cemas banget rasanya enggan buka2 sosmed,tapi gabisa kalau of tweeter soalnya butuh informasi buat daftar umğŸ˜­",0.0,
Perasaan ini gelisah kenapa ya? Aku menganggap managerku layaknya ibu sendiri padahal beda usia hanya setahun lebih tua. ..Atau aku tertarik dengan yang jiwa keibuan ya,0.0,
"Rasa cemas yg kegini ni yg gue gak sukağŸ˜­ .Tiba tiba nangis gak jelas, sakit dada, gemeteran dll... .Tapi pujiTuhan gak pernah ada niatan buat ngelukain diri sendiri ğŸ¥º",0.0,
jadi gini.. para author pernah ga si mau ngepost au chat tp pas reread cringe gt.. takut pembaca ga suka... gw lg wb + ga pede bgt... gelisah sendiri.... hhhhh,0.0,
"Sedih bangat, berasa patah hati pdhal ngk tau alasannya apa ğŸ˜¥",0.0,
Suka cemas sama masa depan,1.0,suram pesimis
"Sendiri, menemani dalam sepi.Menghempas segala gelisah dihati.Mencoba mencari ketenangan diri.Yang selama ini terkhianati",0.0,
"Resah, Gundah, Gelisah",0.0,
"Uda brpa hari tidur ga nyenyak bgt, gelisah bangetğŸ¥²",1.0,gangguan tidur
Knp jd gelisah anjir,0.0,
Baru lebaran tahun ini gue rada cemas dpt pertnyaan template yg sering org2 keluhkan. Aduu ntr jwb apa,0.0,
capek gelisah mulu,0.0,
"Gw bawaan nya gelisah, bingung, degâ€an, pdhl orgâ€ kek sntai aja:)",0.0,
"Ketika hati sedang gundah, gelisah dan dipenuhi dengan keputusasaan, ingatlah bahwa hanya kepada Tuhan kita mengadu.",0.0,
"mental down karna sosmed tu g enak bgt :""/ lo cemas tp ga bisa ngapa ngapain :((",0.0,
Penyakit hati yg susah ilang: susah banget ga kepo sama kehidupan orang lain a.k.a iri sampe gelisah. Any tips?,0.0,
Kenapa ya cemas susah ilang? Deg2an panik itu juga ganggu banget ga cuman nangis aja yang ganggu. Kayak hey wft!,0.0,
harap harap cemas,0.0,
Mimpi buruk beberapa menit membuat cemas dan tidak bersemangat berhari2,0.0,
"Gelisah, galau kalau seharian ga ada kabar..",0.0,
"Aku makin gelisah, dan aku menangis sejadi jadinya, dan mereka cuma liatin aku nangis, dan mreka blg, tenang aja mbak gak diapa2kn kok dsini, mbak tinggal istrahat aja, mbak mau apa tinggal bilang aja, nanti bakal kami turuti permintaan mbak, kecuali 1 yaitu kabur, nanti mbak tau",0.0,
resah gelisah mengiringi,0.0,
"Help! .Akhir-akhir ini tiap ketemu orang banyak yang nggak ku kenal, selalu ngerasa pusing banget, perut tiba-tiba mual, cemas, panik. Cara ngatasinnya gimana sih? Dan itu kenapa sih?",0.0,
"Lagi dekat hari nya lagi banyak aku overthinking, ya allah. Tenangkan lah hati aku yg makin gelisah ğŸ˜”",0.0,
Gelisah tanpa sebab. Ko bisa?,0.0,
"Hanya rasanya seperti badai, gemuruh, riuh, gelisah dan cukup menyesakkan.",0.0,
3G..gundah gelana gelisah,0.0,
Gelisah mulu idup w kapan bisa tenang y,0.0,
dah lama tau tak kene hm tiba2 gelisah + sakit dada gila2 ğŸ˜­ğŸ˜­ğŸ˜­ğŸ˜­ğŸ˜­,0.0,
gelisah galau merana,0.0,
"Diem2 aja, tau2 ada aja. Takut, masih harap2 cemas juga nunggu bulan ini ğŸ¥ºğŸ™ğŸ»",0.0,
"Semacam ga semangat banget deh. Gelisah, banyak pikiran, jenuh, bingung, sedih, marah, takut, kalut. Ah...",0.0,
"ğŸ§ guys, cara biar ngga gampang ke-trigger gimana ya? tl aku lagi sedih-sedih, aku jadi ikutan sedih ... sekarang rasanya deg-degan cemas, mau nangis.",0.0,
"Biasanya tidur pules tiap siang, ni mau istirahat bentar aja rasanya gelisah gegara tugas belom pada selesaiğŸ˜­ğŸ˜­",1.0,energi berkurang
"Wehh gw bangun tidur aja langsung cemas-cemas takut anjir, gasuka gini.",0.0,
"Tidak usah terlalu cemas, ceritamu ditulis oleh penulis skenario terbaik",0.0,
Sbenernya kalian tahu bahwa obat dari gelisah dan galaumu itu adlah dngn brdoa kpada Tuhan.Tapi knapa kau masih melupakanNya. #KupasGundah,0.0,
"gelisah dan emosinya kayak lagi PMS, padahal udah lewat. rasanya nggak nyaman banget. kesenggol sitik mau nanges. ğŸ˜– istighfar banyak-banyak nduk",0.0,
"mau tidur gelisah, bangun tidur gelisah. mau mati apa gimana ini ,",1.0,gagasan membahayakan
Emosional ketika PMS dilatarbelakangi oleh insekuritas yg juga meningkat akibat hormon-hormon ini. Entah kenapa jd akan merasa cemas ke banyak hal tanpa alasan kalopun ada alasannya keknya lebay aja ampe segitunya ğŸ™ƒğŸ™ƒğŸ™ƒ,1.0,harga diri berkurang
rasanya gelisah bgt knp ya,0.0,
gelisah oh gelisah.,0.0,
selalu cemas mikirin hari besokğŸ¤¯ğŸ˜µğŸ¥´,0.0,
"kalo lagi blank sama gelisah, pasti ketikanku acak-acak anğŸ˜­ğŸ˜­ğŸ˜­",0.0,
Gelisah gini yaallah:(,0.0,
"""Tidak menyesali ataupun dendam/marah pada hal-hal yang sudah berlalu, dan tidak menaruh rasa cemas yang berlebihan akan masa mendatang, itulah ketenangan sejati""",0.0,
Kyknya aku akan meninggalkan whatsapp alias gamau sering2 buka krn gatau kek cemas ae tiap buka,0.0,
Minggu ini bener bener ngga bisa tenangğŸ˜­ğŸ¥ºğŸ¦– ada aja yang bikin gelisahğŸ˜­ğŸ‘,0.0,
Gelisah banget huhh,0.0,
pernah ga sih.. lo jujur tapi lo yang gelisah sendiri hh,0.0,
bingung dan gelisah.Hati ini serasa mati .Ketika kau berubah,0.0,
Gabisa tidur gelisah mulu,0.0,
"Kenapa sih, tiap kali mau lakuin sesuatu pasti gelisah..",0.0,
"aku bisu, terpaku dalam lembaran mimpi.aku tersentak ketika denting waktu memanggilku.aku terbangun, gelisah",0.0,
Kan bener pantes gelisah bener aja dapetğŸ˜“,0.0,
"Pernah gasi ngerasain tiap hari gelisah karena mencemaskan masa depan, seharian mikirin ituuu aja terus, jujursih ya cape banget capeeeee bangett, cuma harus banyak plan abcdefg untuk kedepannya, cuma bisa bilang ke diri sendiri ""yo semangat yo"" :')",1.0,suram pesimis
ini kenapa.. tiba tiba gelisah bangetğŸ˜€,0.0,
"gelisah galau merana mulu tiap malem dah, susah nih emang kalo udah kepatil",0.0,
"Gelisah, jantung berdebar.Fix cemas lagi :)",0.0,
"g galau, cemas aja",0.0,
"tanyarl kenapa ga akhir akhir ini aku suka gatenang pas udah diatas jam 9 an, padahal lagi ga ada masalah. Gimana sih cara supaya mencegah gelisah?",0.0,
"Pagi ini gue tbtb cemas gelisah pusing pikiran ngga ngga mual ampe udah keluar semua isi perut gemeter jantung berdebar gakaruan ah gue takut. Ampe kepikiran gimana kalo gue mati. takut gue bener bener takut :""""",0.0,
biarkan si cemas ini istirahat ya. tolong ini mah,0.0,
"Percayalah, dia sangat mencintaimu..Hanya saja kau terlalu cemas akan kehilangan, karna kau sudah berkali2 jatuh ğŸ˜Œ",0.0,
Level tertinggi kangen adalah ketika kamu cemas tentang dia tanpa ada alasan yang jelas.,0.0,
"Awalnya sih jalanin aja dulu, pada akhirnya mulai tumbuh rasa khawatir dan cemas akan keadaan nya.",0.0,
"Sebenernya hepi hepi aja sih gue sekarang, tapi ya emang suka tiba2 gelisah gitu",0.0,
kenapa ya tibatiba cemas berlebihan sama keringet dingin:))))),0.0,
aku galau gelisah merana,0.0,
"kalo gelisah gabisa tidur wajar.. plis ini lagi seneng, masa gabisa tidur juga:)",1.0,gangguan tidur
"stop disclaimer depres dgn mudahnya...depressi itu sakit,g enak capek,,penyakit mntal tu g cuma depresi",0.0,
"puyeng, gelisah, gemeteran jadi satu mantap sobat",0.0,
"Kalo udah jodoh, .segala ragu pasti jadi utuh, .segala cemas pasti jadi",0.0,
"Jd sering gelisah tengah malem tp gada sebab,knp iniğŸ˜©",0.0,
Ga tau kenapa hari ini bawaanya gelisah bangetğŸ˜”,0.0,
Akhirnya bs napas &amp; makan setelah nganter miko ketemu dokter. Apalagi keadaannya gak parah seperti yg dikira2 dokter satunya...Dipikir2 gangguan cemas gw parah juga ya..panik sama situasi &amp; kondisi miko sampe tadi siang ga bs mikir + mual + pengen muntah. Almost panic attack,0.0,
Gelisah aje batin rasanyeğŸ¥º,0.0,
"aku kecik hati. aku pujuk diri sendiri. orang lain kecik hati, aku gelisah, terfikir macam mana nak baik kan keadaan. I'm nothing.",1.0,harga diri berkurang
Slalu dihantui rasa cemas,0.0,
"Semua terasa begitu singkat dan untuk sekarang mulai takut untuk kehilangan,mulai merasa cemas dalam berbagai hal,entah bagaimana hal itu bila benar-benar terjadi",0.0,
kok gua akhir akhir enih mudah cemas ye,0.0,
gatau knp tbtb gelisah ga tenang,0.0,
Minggu Minggu tenang tp gelisah ğŸ˜©,0.0,
"Bener kan lsg dikatain lebay cuma gara2 gitu doang ğŸ˜¢ iya gitu doang, tapi beneran bikin stress sama gelisah gak karuan ğŸ˜”ğŸ˜”",0.0,
"Pernah egk sih klian ngerasa kyk sedih tpie egk sedih, tpie kyk gelisah tpie egk tw apa kyk bingung, mau nya bobo aj tpie egk bsa",1.0,energi berkurang
"kenapa ya gue cb dream kali ini kayak gelisah banget,gatau kenapa?ğŸ˜”",0.0,
"Gak perlu cemas,ceritamu di tulis oleh penulis skenario terbaik",0.0,
"Asuhlah batinmu sendiri, jangan cemas dan gugup, karena disisiNYA lah jiwa jiwa yang tenang.",0.0,
Masih harap2 cemas banget ğŸ˜£,0.0,
Bedaaa waktu jadi gelisah giniiiii,0.0,
"caraa biar ga mikirrin hal hal negatif dan ga gampang cemas gimanaa sii, mau hidupp tenang tanpa tiap menit mikir yg ga seharus nya di pikirin.... ğŸ˜ğŸ˜©",1.0,suram pesimis
kebiasaan dichat sehari doang gadichat lgsg gelisah ğŸ™ƒ YA TP MASA GUE CHAT DULUAN SI MUKA W MAU TARO MANA,0.0,
Aku berdansa di ujung gelisah.Mendambakan jiwa yang kehilangan arah,0.0,
pls aku gelisah banget gabisa tidur â˜¹ï¸â˜¹ï¸,1.0,gangguan tidur
"Badan ngilu, tidur ga nyenyak, pikiran cemas, pertanda apakah itu?",1.0,gangguan tidur
dikit cemas but it's okayyy,0.0,
"gelisah, takut, overthinking dalam waktu yang bersamaan bisa disebut panic attack gak si?",0.0,
"""Tidak menyesali ataupun dendam/marah pada hal-hal yang sudah berlalu, dan tidak menaruh rasa cemas yang berlebihan akan masa mendatang, itulah ketenangan sejati""",0.0,
Ada yg bikin cemas ada yg bikin khawatir sampe gak bisa mikir apaan sih iniğŸ˜–ğŸ˜–ğŸ˜–,0.0,
"Engkau harus tegas menghadapi masalah, daripada gelisah membayangkan penyiksaannya terhadapmu",0.0,
Ya Allah gue ga tau ko hati gue gelisah ya :(,0.0,
"lalu kapan saya akan di wisuda, adik kelas sudah lebih dulu.hati cemas merasa masih begini, teman baik sudah di DO",0.0,suram pesimis
kok gw cemas begini yakk,0.0,
"setiap hari minggu pasti deh gelisah, mikirin besok senin.",0.0,
"Seriusan dah seumur umur ga pernah cemas kalo nambah umur, tapi kok menginjak 24 ini gue cemas banget ya, rasanya kayak ""my time is running out"".",1.0,suram pesimis
"bangun tidur gelisah, mau tidur gelisah",0.0,
bisa bisanya gua gelisah gini wkwk,0.0,
Ondehh diriku pula yang merasa cemas:(,0.0,
"tugas gua udh kelar semua dri kmren, tpi knp hati ini gelisah? merasa seperti sesuatu yg buruk akan tiba?! ......",0.0,
Pernah gasi saling suka terus yaudah aja. GELISAH TIAP HARI ANJEEEEEEEER.,0.0,
"Ah gua mau cerita deh, gua cape tiba tiba panik dan kepikiran. Itu mengganggu aktivitas banget. Apalagi sekarang lg uts. Ini udah lama, dan selalu mengganggu, kalo udah begini pasti cuma bisa nangis. Gua benci tiba tiba panik dan cemas karena susah buat mikir",0.0,
"Stres berkepanjangan,depresi setiap malam,merasa gelisah,udah bangkit berkali kali tapi hasilnya zonk, merasa mengandalkan Tuhan tidak ada gunanya ? Hei!! Cobalah untuk ""menyerah'' :)",1.0,suram pesimis
Ngomong jujur pun orang kaya saya dikira bohong. Kikuk dan cemas,0.0,
kok bawaannya gelisah terus,0.0,
"Sudah resah, ditimpa gelisah, ditubruk gundah. Akhirnya semua bubrah. Gud job.",0.0,
kenapa ya akhir akhir ini cemas+deg degan mulu,0.0,
"Yang buat cemas ketika ekspetasi sudah dijinjing tinggi, padahal secara logika reason seperti itu harusnya diterima",0.0,
"hng, knp gelisah bgt ya :(",0.0,
resah gelisah mengiringi,0.0,
Minta doanya.Aku takut bgt hehehe cemas bgt.Pokoknya minta doanyağŸ™ğŸ»,0.0,
"gps, gelisah spaneng panik",0.0,
Merasa gelisah sudah beberapa bulan tidak mencari nafkah dg kreatifitas,0.0,
"sejujurnya pgn ada satu org yg bersedia jd rumah -buat gue. ngasih tau kalo salah, nenangin kalo gelisah, dan meluk saat dunia bikin lelah. nyoba buat bertahan sendiri, tapi nyatanya lama-lama jadi gak baik-baik aja.",0.0,
Biasanya tuh paling lambat jm 9 udh tidur. Ini gegara kepikiran sesuatu malah gelisah,1.0,gangguan tidur
Beberapa hari ini tiap mo tidur gelisah gapaham deh kenapa:(,0.0,
"mungkin emang fasenya ya di umur 20 an ngerasain hal yang kok hidup kek gini aja ya, kaya blm hasilin apa2, ovethingking masalah masa depan sampe ke bawa jadi cemas gitu.",1.0,harga diri berkurang
Ngerasa cemas tanpa sebab,0.0,
"Ketika gelisah lebih tidak enak ternyata ,mending di suruh nunggu daripada kacau begini",0.0,
GELISAH BANGET ANJIR KENAPA YAH??? KOK TIBA2 GELISAH GINI ğŸ˜­,0.0,
Melalui hari belum tenang tanpa ucapan selamat pagi.Melalui malam terus gelisah tanpa ucapan selamat malam..,0.0,
"dihadapkan emosi,mangkek dan cemas luar biasa tapi haram di keluarkan . situasi yg sangat bajingan .",0.0,
"Ini kali pertama gw deg degan, ling lung, cemas tiada akhir suami gw pergi offshore. Pdhl cm mau ngelewatin 2 hari doang stress nya serasa berabad abad.",0.0,
Lemes tp gelisah gini sih badan,1.0,energi berkurang
Bbrp hari ini gelisah bgt pas mau tidur. Pas udah tidur nya gak sadar apa2 kek org pingsan ğŸ˜‚,0.0,
"Hati yang sepi dari doa dan pujian kepada Tuhan - mudah gelisah, tak sabaran, dan marah tanpa sebab.",0.0,
Kebiasaan bgt kalo udh cemas bawaannya sampe mau muntahğŸ˜Œ,0.0,
ketika ingin bepergian atau mengerjakan sesuatu pasti gelisah dan tidak bisa tidurğŸ¤¢,0.0,
"apa yang perlu dikerjain hari ini udah, tapi masih aja ada rasa gelisah",0.0,
Kok rada-rada cemas ya saya :(,0.0,
"Gelisah, galau kalau seharian ga ada kabar..",0.0,
"Ga jadi tidur, gelisah bgt mikirin masa depan@@",1.0,gangguan tidur
"Kalo kalian lagi takut atau perasaan gelisah, kalian ngapain?",0.0,
Sudah bbrapa malam wktu tidur hanya sejam hehe gelisah begitu bunğŸ¤ª,1.0,gangguan tidur
"Tau gak? Dada sesek, cemas, pengen nangis tapi pas di nangisin gak keluar air matanya. Heheheheh.....",0.0,
"ah i see, kayanya mual disebabkan terlalu cemas :)) ngeri bngt si kalo udh overthinking..",0.0,
Gak bisa tidur malem ini kok gelisah bgt ya,1.0,gangguan tidur
Sedikit cemas banyak kaldunyaa,0.0,
"Nafsu makan turun, Berat badan turun, cemas berlibahan sering nangis apakah ini yang dinamakan depresi",1.0,nafsu makan berkurang
cemas nya gue tuh kek dampak buruk gitu bikin kepala sakit suka ketakutan:(,0.0,
gue ngerasa gelisah bgt knp dah yaampun,0.0,
"Gak tau kenapa.Badan ini lunglai, otak tak jernih, dan diri gelisah.",0.0,
"Beberapa hari serasa beda, entah apa rasanya gelisah",0.0,
Gelisah bgt :( gabisa nangis ketahan.Masi ga nyangka aja uda ldr lagi ğŸ’”,0.0,
"Aku harus tegas menghadapi masalah, daripada gelisah membayangkan penyiksaannya terhadapku.",0.0,
kenapa suka gelisah for no reason si,0.0,
kenapa hati gelisah banget ya,0.0,
"Jangan cemas Sil, jangan",0.0,
"Jangan membuat keputusan saat tidak fit apalagi market lagi merah merona karena rasa cemas, takut dan kondisi psikologisnya sedang kurang baik #notetomyself #belajarcrypto",0.0,
"Hilangkanlah gelisah ini, Amin.",0.0,
"kalo ada orang yang baaaiiiiiiik banget sama aku, aku jadi suka bingung sendiri, kadang gelisah, pusing banget kepikiran gemana cara bales kebaikannya dan gimana kalo ga bisa bales kebaikannya:(((",0.0,
Disela-sela gelisah mungkin ada rindu yg harus kita tuai bersama.,0.0,
Banget banget cemas ğŸ˜ğŸ˜,0.0,
orang dewasa gini ya.semalem resah dan gelisah.besok paginya like nothing happened ğŸ˜Š,0.0,
guys ada yg sama kek aku gaa? kek suka takut tapi gatau takutin apaa terus cemas gitu :((,0.0,
Kadang merasa cemas karena besok2. .Capek mikir.  Kudu istirahat. Ujung2nya liat ijo2 tpinya ntar stress lagi. .Emang wes sikluse huhuuuuuu -.-,0.0,
"-rl kalian prnah ga lg diem2 aja tp tiba2 ngerasa hati ga enak, gelisah gtu, knp yak",0.0,
Sepanjang hari rasanya gelisah ğŸ¥º,0.0,
"G boleh raguin Tuhan, tapi kdng rasa cemas tu muncul aj g jlasss bgt!",0.0,
Insom + gelisah mulu tiap hari ğŸ˜­,1.0,gangguan tidur
Memasing cemas pkp kah mcam mana? Nama je pkp tpi dia mcam biasa je nnt korang tgk lah nnt #kerajaanbebal,0.0,
gelisah bgt hati gatenanggg asdmekendd,0.0,
"jadi bete, betulan pengen nangis. ngga suka. bikin gelisah.",0.0,
Haduh suka cemas tiba2 kenapa sihh,0.0,
Gw ga panik tp gw gelisah anjr,0.0,
"tiap malem overthinking, cemas, gelisah..tiap ngelakuin aktifitas yg ngga gw suka, gw selalu mual dan sakit perut. .kadang kalo kebanyakan mikir juga bikin sakit kepala :(",0.0,
"Antara sedih, cemas, ah! Gtw deh",0.0,
Dilema.bingung.gelisah...gue harus apa anying bsok...//,0.0,
"Sblmnya cin minta maaf bgt akun ini lg gk berjalan sesuai ekspektasi kalian. Gk tau knp blkngn ini sedih trs, gelisah, pngn nyerah, sering panik...Cin tau waktu trs berjalan, i really try so hard but sorry lagi"" cin gagal...Maaf ya semuanya, cin blm bs ksh hal positif ke kalian:)",1.0,rasa bersalah
"Overthinking,kesepian,cemas,badmood,sedih,keinget hal-hal bikin gak enak hati..Gitu aja terus ğŸ˜­",0.0,
klo gelisah tanpa sebab itu kenapa sih,0.0,
Cari kerja dan prospek bakal jadi pengangguran itu bikin gelisah ğŸ˜”,0.0,
"Susah banget buat jadi ""bodo amatan"" atau ""yaudahlah"" sama hal-hal yg ngeganggu pikiran. Kek harus banget mikirin apa alasan hal itu terjadi, harus banget mikirin gimana dampaknya ke dalam diri, pokoknya bikin otak gak berhenti berfikir, dan bikin hati jadi gelisah. Argghh",0.0,
"Sial,daritadi ga bisa tenang .Gua gelisah banget",0.0,
nonton youtube apa ya biar ga gelisah,0.0,
"Balik gawe tiba tiba hati deg deg an, perasaan cemas dan gak tau karena apa :(.",0.0,
"hati yang gelisah adalah orang selalu mencari kesalahan orang lain, sampai lupa bahwa diri sendiri masih sering melakukan salah.",0.0,
"[cm] ikut organisasi kampus ternyata secapek ini ya ğŸ˜­ ngga cuma capek fisik, tapi capek hati juga. aku tiap mau rapat selalu ketakutan, selalu cemas, selalu pengen nangis. pengen udahan tapi nyatanya nyerah lebih susah dr pd bertahan",1.0,energi berkurang
Tiba tiba gelisah. Gk ada yg mau bikin Spaces gitu. Biar dengerin klean ngobrol.,0.0,
"-rl guys mau nanya. Aku kalau lagi ada di keadaan yang berisik/ngga kondusif gitu suka jadi gelisah, pusing, panik, kadang rada keringetan, atau sampai nangis, kira kira ada yang tau ngga itu kenapa..? Aku bingung.. selalu kayak gitu soalnya- atau itu memang reaksi yang (cont)",0.0,
"Gelisah banget perasaan dr td gabisa anteng, pikiran ga tenang tapi gatau juga mikir apaanğŸ¤ª",0.0,
"Kek susah tidur, kek org gelisah, tidur bentar bangun lagi tidur lagi bangun lagi, duh, tips biar bisa tidur gimana, harus gak ngerasa gelisah kali ya ğŸ¤”",1.0,gangguan tidur
Gw knp kek gelisah gitu ajg ğŸ˜­,0.0,
"btw pala gua selalu pusing pas bangun tidur,ditambah rasa gelisah setelah tadi ngeluarin uang pribadi buat biaya sekolah huft",0.0,
ko dari tadi gw gelisah mulu,0.0,
Cemas sampe mute wa dr seseorang,0.0,
sedang gelisah dari siang tapi dicuekin,0.0,
Gelisah sekujur badan; mood acak-acakan; nggak tau arah; cepatlah usai.,1.0,energi berkurang
Cemas tiap weekend disini,0.0,
"Saya sedang berada di fase dimana saya cemas akan masa depan,tetapi kita harus fositif thinking serahkan dan percayakan semuanya kepada tuhan sembari ikhtiar dan berdoa agar mendapatkan hasil yang terbaik.",0.0,
mulai gelisah ğŸ˜«,0.0,
Kenapa gua malah jadi gelisah ya,0.0,
"Jika hatimu sedih dan tak ada yang mendengarkan gelisah gundamu, cukup datang aja pada Allah, dia pasti ngerti apa yang ada di hatimu ...",0.0,
Udah seminggu gelisah gini trs,0.0,
bangun-bangun trs gelisah tu kenapaaaa,1.0,gangguan tidur
"insecure, takut, cemas, ragu, kecewa.",0.0,
"Ya intinya bgtu gw lg ngerasain cape,sedih,kesel,gelisah. Kayak rasa tuh campur aduk di hati sama pikiran, di otak gw tu lg travelling berbagai byk hal dr masalah sampe Bahagia yg pernah gw rasain sampe detik ini.",1.0,energi berkurang
Hmm kok gelisah gini ya ğŸ¥º,0.0,
gelisah dan khawatir berlebihan,0.0,
Ketika efek obat depres udah mulai ilang dan fase depres udah mulai muncul tuh capek banget,1.0,energi berkurang
Menjalani fase dimana rasa gelisah terus menghantui,0.0,
udah seminggu tapi belum dapet balesan juga alias harap-harap cemas banget ğŸ¥ºğŸ˜­,0.0,
"H-2 perasaan aku gak karuan banget njirr,, gelisah galau merana kaya gak tenang aja gitu. Campur aduk perasaan aku gak enak banget njirr ğŸ˜­",0.0,
"Gelisah mulu, padal puasa loh",0.0,
"Bimbang,gelisah,sedih campur aduk pokoknya . Begini amat ya :')",0.0,
Tbtb cemas bgt yampun,0.0,
ihh gelisah gua,0.0,
gelisah mulu ada apaan ya:(,0.0,
ada tugas ngeluh ga ada tugas cemas-cemas heran,0.0,
"Jika kamu mampu bersyukur atas apa yang telah Tuhan berikan untukmu, kamu tak akan cemas memikirkan apa yang bukan milikmu. #D4rkBOT",0.0,
"males gini kalo lagi diposisi gelisah, bimbang, bingung. buat ngambil suatu keputusan :(",0.0,
"Kmrn ngga ada tidur, baru bisa tidurnya jam stngh 7 td pagi tp jam 8 udah kebangun...Trus ngga bisa Tidur lg sampe sore baru tidur cuma stngh jam.......Lah jam 00.55 tiba2 ngerasa gelisah,sesak nafas,&amp; pengen nangis.. ini gw kenapa lg ğŸ˜‘ padahal ngga lg mikirin apa2",1.0,gangguan tidur
"Setiap malam kadang suka ngerasa hati kosong, gelisah gak tau maunya apa",1.0,hilang minat
"Dah 3 minggu ni aku rasa penatt sgt. Jantung berdebarÂ², badan seram sejuk, dlm kepala otak ni tak habisÂ² fikir benda bukanÂ². Rasa tak diperlukan, rasa diabaikan..Jiwa ni resah. Gelisah. Takut.",1.0,harga diri berkurang
"Kenapa ya makin gua mikir kalo punya relationship itu membahagiakan, makin gua juga khawatir, takut, cemas :((",0.0,
"Udah lama gak ngrasain ini tapi tadi malem kembali.Rasa gelisah, khawatir, rewel dahal laptop lagi dipinjem pengen suruh cepat balikin tapi gak berani yg berujung ngajak ribut masHam, gak nyaman pengen cepet cepet pulang ke rumah, padahal lagi jam 9 malam lebih",1.0,energi berkurang
"gelisah bet tiap aplot gambar di akun sebelah, kek trauma dirujak manusia random padahal gambar gw fine2 aja ga ofensif apa gimana.",0.0,
"izinkan aku memetik gitar, percayalah..semua keluh kesah, resah, gelisah, sedih serta galaumu akan hilang seketika",0.0,
Anjir cemas gue berlebihan banget,0.0,
Resah dan gelisah,0.0,
"gimana ya, dasarnya emang penyendiri, mana mental lagi gak sehat makin makin udah. niat mau upgrade diri malah makin sering cemas",0.0,
aku gelisah tetapi di dalam Engkau ada Damai,0.0,
Pernah menjadi yang paling cemas hingga dipaksa harus menjadi yg paling ikhlas,0.0,
jangan cemas karma ada ko haduuuhzzzzz,0.0,
cemas banget tapi gatau kenapa,0.0,
Kadang aku cemas akan masa depan...Setidaknya saat ini aku masih diberi kesempatan untuk bersyukur dan menambah amal.,0.0,
"resah dan gelisah, pengen marah marah",0.0,
"Ya Allah kenapa sekarang susah bgt ngenal org baru, takut,cemas,khawatir ... Tremor lagi . Takut bgt sama diri sendiri",0.0,
Malem-malem gelisah ngapa ya..,0.0,
Hoo jadi itu masalahnya yang bikin gelisah dari hari Senin,0.0,
"Benci bgt gue tiap apa2 cemas lagi, begadang lagi, cemas lagi, begadang lagi..Bingung gue.",0.0,
sumpah guru gw penuh kejutan banget bikin cemas,0.0,
kenapa kalo lagi cemas rasanya nyesek sakkit banget trs panas dingin,0.0,
"Cemas terus setiap bulannya, apalagi sedang berada di luar rumahğŸ¥º",0.0,
ko aku dekdekan kenapa ya??aku gelisah banget,0.0,
"Kenapa ya, susah banget ngontrol jadwal tidur akhir-akhir ini :( kayak ada hal yang di takutkan, cemas, padahal kepala udh pusing banget. Bisa tidur pun satu jam sebelum sahur. Sebelumnya ga ada gangguan tidur sama sekali padahal. Mata udh sakit, tapi susah di pejamin.",1.0,energi berkurang
"tips dong biar bisa tidur nyenyak, biar relax, biar gak gelisah..",0.0,
"Gelisah dan resah adalah â€œVirusâ€ penyakit hati. Maka, obatilah dengan â€œMakan dan minum nabati hatiâ€ (Sabar, Tawakkal dan Zikrullah). Insya Allah virus-virus hati akan mati dan sirna karenanya...by hizboel",0.0,
"gelisah mulu, ada apa sih?!",0.0,
Perlu mengeluarkan berbagai macam pikiran yg bikin cemas...,0.0,
akhir akhir ini makin sering gelisah knp ya,0.0,
pernah menjadi yang paling cemas sebelum menjadi yang paling ikhlas,0.0,
"Aduh kenapa ya sebadan dingin semua, terus mual, gelisah, mulut juga asem dingin gitu haduh gaenak banget",0.0,
gapernah nyangka sih gue bpd. gue kira gue cuma cemas dan depressed aja. ternyata worse than that,0.0,
"di otak skrg penuh banget fikiran fikiran yang bikin stress. rasanya kaya mau meledak, gelisah, sedih, takut, semuanya campur aduk jadi satu",0.0,
Gelisah dan senang disaat bersamaanğŸ˜­ gini banget,0.0,
Cemas aja gatau knp,0.0,
"semenjak kuliah jadi cemas terus, mikirin tugas sama survive kalo udah offline",0.0,
ini gelisah bgt yaallah napa yaa,0.0,
tapi hatinya mah tetep gelisah walau mulut ngomong,0.0,
Ngerasain juga jadi orang yg tidak pandai bersyukur.Mau bersantai tetep gelisah terus rasanya,0.0,
Kalo cemasin orang dada gua selalu sakit .tolong jangan buat cemas :(,0.0,
Katanya abis sidang dpt tidur dgn tenang apaan anjir gw msh gelisah skrg,0.0,
Sepertinya tiap mau tidur cemas gt kyk ga bsa tidur,1.0,gangguan tidur
-dips! Ada yang lagi ga sibuk? Ada mau dengerin aku curhat ga? Gatau kenapa cemas banget :),0.0,
kenapa yaa akhir2 ini gue suka gelisah.. huftt ğŸ˜,0.0,
"Sial,hujan turun dengan deras diiringi gelisah yang melanda",0.0,
"Jika kamu mampu bersyukur atas apa yang telah Tuhan berikan untukmu, kamu tak akan cemas memikirkan apa yang bukan milikmu",0.0,
"Klo bedongan udah lepas tu, gerakan tangan &amp; kakinya terlihat resah &amp; gelisah",0.0,
pls mau tidur drtd gelisah mulu knp si,1.0,gangguan tidur
Orang berharap itu ngga enak banget ternyata. .Hidup gelisah terus. .Ini gimana ngilanginnya?,0.0,
gelisah Gk bisa tidor hm,1.0,gangguan tidur
YaAllah gabisa tidur cemas banget,0.0,
Makin cemas aja sendiri,0.0,
"Resah resah gelisah,.Harap-harap cemas.",0.0,
"hati gelisah, tidurpun jd susah.",0.0,
"Gelisah, galau kalau seharian ga ada kabar..",0.0,
"gue deg degan, cemas tapi kaga tau kenapa",0.0,
"3 malem loh gua gelisah, bengong trus tbtb nangis, dih sakit jiwa. Lemah bgt gua",1.0,energi berkurang
aduh gue gelisah banget,0.0,
Aku gak bisa bobo....Gelisah gak ada yg memeluk ğŸ¥´.Padahal biasa nya juga tidur gak ada yg meluk ğŸ˜“,1.0,gangguan tidur
"sumpah anj dari td knp sii, suka bgt gelisah tbtb tanpa alasan ğŸ˜©",0.0,
"syg! aku lagi cemas bgt dan ga ketahanan di diri aku sampe ngerasa aneh bgt fisik aku. Biasanya aku selalu minum obat dari dokter ku, tapi aku biasanya kalo lagi cemas minum obatnya malah kaya tambah cemas bgt, dan kalo pagi psti badan ku sakit semua. Aku harus gimana? (cont)",1.0,harga diri berkurang
"Cara ilangin cemas gmn sih,please i want to be normal",0.0,
Malem ini ku gelisah sekaliiii huhu ada apakah gerangaannğŸ˜“,0.0,
"takut, cemas, ga tau deh campur aduk rasanya",0.0,
"jangan gelisah, dan jangan khawatir. Jika tiba waktunya, anda akan tahu apa yang harus dilakukan. ~WaltDisney",0.0,
"Suatu saat mesti yo ono balasane, koe cemas, koe ra dihargai, koe digawe nangis, koe disepeleke. .Siap-siap wae, kuwi kabeh ra kepenak rasane.",0.0,
Resah dan gelisahğŸ¶,0.0,
suka banget cemas panik,0.0,
Gundah gelisah haa,0.0,
Kenapa merasakan adanya trauma dan males utk berada dimomen dan berada di tempat itu â˜¹ cemas berlebih,0.0,
"paham ga si denger ringtone hp dr wa ataupun telfon atau apapun cemas, takut sendiri.",0.0,
"ngerasa takut sama mamah sendiri. kalo ada di deket mmh, tubuh langsung keringetan, cemas, jantung deg degan kenceng bgt",0.0,
"sumpah tadi aku seneng kali loh, eh tbtb langsung sedih takut cemas campur aduk:""",0.0,
cemas berlebihan udh kek acara mingguan aj si gue,0.0,
Ya Tuhan kenapa perasaanku gelisah dan tidak tenang ya :( semoga gada firasat buruk Tuhan :(,0.0,
Ya allah begitu aku cemas ğŸ¥º,0.0,
ngapa ya kok gelisah amat ni perasaaanğŸ˜­ğŸ˜­ğŸ˜­ğŸ˜­,0.0,
Ya allah hilangkan lah rasa gelisah di hatiku.,0.0,
"aku rn:..mengloyo, mengletih, lesu, lunglai, gelisah, menggalau, mengketar ketir",0.0,
"Cemas akan masa depan, apakah akan menjadi emas atau hanya rintihan.",0.0,
knapa 3 hari ini aku bawannya gelisah yağŸ¤”,0.0,
Ado yg gelisah krno gagal merusak struktur klrgo wong. Ktek guno nyombongi klrgo tiri kau. Kuliah aku msih sanggup sampe hri ini ortu aku yg bayar. Ktek ngaruh idk. Numpang minum makan edop aku? Idak kan. Prcma nyombongi kprgo kau. Msih sanggup ayah aku nepati ucapannyo.,0.0,
Kok jadi gelisah gini sih ğŸ˜­,0.0,
ngetik sambil nangis &amp; cemas bgt,0.0,
Gila ini isi kepala penuh banget sampe gelisah klo dibawa turu wkwkw,0.0,
"just- have you ever dikecewain sama sahabat sendiri sampe sampe ngerasa cemas berlebih? gue bukan mau ngomongin dia disini, tapi gue jadi kasian sama diri gue sendiri. like, girl i deserve better then this.",0.0,
Ada ga sih yg disini selalu merasa gelisah disetiap pertambahan usia?,0.0,
Bisa nda sih cemas berlebihan nda ganggu jam tidurkuğŸ˜¥,1.0,gangguan tidur
"Ternyata terlalu jauh sama Tuhan itu susah ya? Hati gelisah, dan semua jadi nggak tenang.",0.0,
"stres berkepanjangan, overthinking, gbisa tidur, pengennua nangisss aja, gelisah, lemes aja bawaannya:(",0.0,
"Mungkin beberapa hari ini buat kamu biasa aja atau malah ngga ada apa-apa, tapi kamu tau ga si? Sehari aja rasanya panjang banget buat aku setelah hal itu terjadi, aku selalu ngerasa cemas keputusan apa yang mau kamu ambil nantinya, dan kapan kamu mau ngasih tau aku keputusan itu",0.0,
"Day 3, aku semakin gelisah.. -FZR-",0.0,
aneh gak sih klo tetiba masuk ke tahap gk bsa komunikasi sama org lain..rasa males + cemas gtu jdi satu ğŸ¥²,0.0,
Subuh keneh tp gelisah gini ada apa gerangan yh,0.0,
gelisah banget gue perasaan kenapa sih,0.0,
"Tak usa cemas apa yang engkau lakukan kemarin, cukuplah berbahagia bila engkau mampu menerimanya semua itu.",0.0,
tidur bener2 gelisah duh gak suka ğŸ¤¢,0.0,
sumpah ya dari pagi rasanya gelisah terus,0.0,
Rasa cemas berlebihan sepanjang waktu bisa nge ganggu pola tidur ga sih?,0.0,
"Katanya kalo kita ngemil terus tengah males, bisa jadi kita lagi gelisah/ada yg dipikirin. Lah bener,",0.0,
gua cemas bgt tp ga tau karena apa,0.0,
Gak pernah kelewat buat nguatin diri sendiri kalo rasa cemas yang di buat fikiran sendiri tu gak selalu terbukti bener...,0.0,
"Ini gelisah bngttt dri kemarin mikirkan bntr lagi kls 12, persiapan sbm masi sedikitt, bnyk bngt yg di khawatirkan ğŸ˜µ",0.0,
Resah dan gelisah,0.0,
hey please boleh minta kata kata positif or semangat? akhir akhir ini aku suka cemas sampe buat aku kepikiran muluğŸ˜” aku mau tidur biar ga kepikiran nanti buka tl biar jadi makin lupağŸ¥º,0.0,
